method,k,silhouette,davies_bouldin,calinski_harabasz
Agglomerative,4,0.36635461297402033,1.4992482709043098,2366.500634617355
