{
  "random": 0.4017217181825454,
  "k-means++": 0.4012770959495226
}